<?xml version="1.0" encoding="UTF-8" standalone="no"?>
<!-- Generated Nov 2, 2023, 10:01:53 PM by Hibernate Tools 3.6.2.Final --><!DOCTYPE hibernate-mapping PUBLIC "-//Hibernate/Hibernate Mapping DTD 3.0//EN" "http://www.hibernate.org/dtd/hibernate-mapping-3.0.dtd">
<hibernate-mapping auto-import="true" default-access="property" default-cascade="none" default-lazy="true">
    <class dynamic-insert="false" dynamic-update="false" mutable="true" name="com.java.otp.Provider_Details" optimistic-lock="version" polymorphism="implicit" select-before-update="false" table="PROVIDER_DETAILS">
        <id name="providerid" type="java.lang.String">
            <column name="PROVIDERID"/>
            <generator class="assigned"/>
        </id>
        <property generated="never" lazy="false" name="name" optimistic-lock="true" type="java.lang.String" unique="false">
            <column name="NAME"/>
        </property>
        <property generated="never" lazy="false" name="email" optimistic-lock="true" type="java.lang.String" unique="false">
            <column name="EMAIL"/>
        </property>
        <property generated="never" lazy="false" name="username" optimistic-lock="true" type="java.lang.String" unique="false">
            <column name="USERNAME"/>
        </property>
        <property generated="never" lazy="false" name="phoneno" optimistic-lock="true" type="java.lang.String" unique="false">
            <column name="PHONENO"/>
        </property>
        <property generated="never" lazy="false" name="gender" optimistic-lock="true" unique="false">
            <column name="GENDER"/>
            <type name="org.hibernate.type.EnumType">
                <param name="enumClass">com.java.otp.Gender</param>
                <param name="type">12</param>
            </type>
        </property>
        <property generated="never" lazy="false" name="speciality" optimistic-lock="true" type="java.lang.String" unique="false">
            <column name="SPECIALITY"/>
        </property>
        <property generated="never" lazy="false" name="type" optimistic-lock="true" unique="false">
            <column name="TYPE"/>
            <type name="org.hibernate.type.EnumType">
                <param name="enumClass">com.java.otp.Type</param>
                <param name="type">12</param>
            </type>
        </property>
        <property generated="never" lazy="false" name="address" optimistic-lock="true" type="java.lang.String" unique="false">
            <column name="ADDRESS"/>
        </property>
    </class>
</hibernate-mapping>
